,replay_id,hero1,hero2,hero3,hero4,hero5,hero6,hero7,hero8,hero9,map0,map1,mode0,mode1,winner
0,12469435,58,23,20,32,26,147,213,137,170,104,234,123,253,261
1,12469436,53,39,50,8,36,140,170,135,164,100,230,121,251,260
2,12469437,66,63,40,46,11,148,140,156,146,100,230,120,250,261
3,12469440,22,13,3,34,76,179,147,187,139,100,230,121,251,260
4,12469443,76,67,36,73,42,161,177,140,213,105,235,121,251,261
5,12469444,36,16,0,21,50,179,164,144,204,105,235,121,251,261
6,12469445,6,46,5,31,57,147,208,201,150,109,239,123,253,260
7,12469446,10,84,0,57,83,212,199,138,166,106,236,121,251,261
8,12469447,63,28,38,20,78,187,147,148,203,105,235,120,250,260
9,12469448,44,37,50,49,38,153,145,191,186,107,237,123,253,261
10,12469449,29,71,40,43,23,166,134,146,136,107,237,123,253,260
11,12469450,33,2,27,84,18,174,167,176,180,107,237,123,253,261
12,12469452,21,50,17,46,25,179,135,165,132,105,235,120,250,260
13,12469453,25,4,32,44,78,199,137,195,152,103,233,122,252,260
14,12469454,46,18,70,50,81,170,136,167,193,109,239,122,252,260
15,12469455,24,46,69,16,18,207,214,182,204,104,234,121,251,261
16,12469456,39,0,49,82,18,180,208,139,163,109,239,123,253,260
17,12469457,77,57,67,52,2,195,191,202,161,110,240,120,250,260
18,12469458,41,52,11,82,47,208,130,166,154,107,237,121,251,261
19,12469459,28,77,50,34,39,179,148,157,177,108,238,122,252,260
20,12469460,50,72,47,61,20,214,207,174,206,104,234,121,251,261
21,12469461,52,3,18,1,77,130,165,140,141,107,237,121,251,260
22,12469462,49,78,14,51,18,151,177,146,213,109,239,123,253,260
23,12469465,6,39,70,5,63,148,187,209,199,109,239,121,251,261
24,12469473,52,15,77,5,10,169,130,164,180,106,236,121,251,260
25,12469476,25,48,3,32,76,181,191,202,169,107,237,121,251,260
26,12469482,13,53,77,22,2,153,151,169,164,105,235,121,251,261
27,12469495,57,77,37,41,1,190,148,195,178,105,235,121,251,260
28,12469497,69,39,40,36,50,208,134,211,207,105,235,123,253,260
29,12469503,28,50,78,11,19,156,135,172,146,101,231,120,250,261
30,12469518,60,28,72,84,29,186,136,211,181,107,237,121,251,260
31,12469520,73,70,36,80,23,146,157,134,158,104,234,121,251,260
32,12469523,73,81,5,40,15,150,163,148,174,109,239,122,252,260
33,12469527,56,35,73,49,70,166,133,183,164,105,235,121,251,260
34,12469604,34,23,44,40,10,188,199,148,206,108,238,122,252,261
35,12469663,42,47,18,8,12,161,151,195,199,104,234,121,251,261
36,12469670,50,20,68,39,28,133,200,147,151,109,239,122,252,261
37,12469671,23,40,25,37,29,206,176,207,138,106,236,121,251,260
38,12469675,57,33,10,29,0,182,167,195,213,109,239,121,251,261
39,12469680,8,37,14,23,11,203,161,135,148,101,231,122,252,261
40,12469681,70,32,40,36,39,132,195,148,197,105,235,120,250,261
41,12469687,35,68,21,43,4,203,157,136,135,104,234,122,252,261
42,12469697,29,70,58,57,20,132,181,138,163,106,236,121,251,260
43,12469704,17,31,20,16,18,162,140,179,130,104,234,123,253,261
44,12469708,47,57,82,3,36,155,201,186,146,105,235,121,251,261
45,12469718,73,25,6,20,49,148,190,140,214,111,241,121,251,260
46,12469722,77,73,71,48,36,153,183,159,186,107,237,121,251,260
47,12469734,18,8,39,31,25,208,182,164,172,104,234,121,251,260
48,12469744,7,49,36,0,23,193,138,151,136,100,230,121,251,260
49,12469747,2,52,53,32,27,140,195,178,207,111,241,121,251,261
50,12469753,64,18,57,5,31,166,150,162,209,109,239,122,252,261
51,12469754,25,73,19,79,34,211,182,161,208,110,240,120,250,260
52,12469755,25,76,44,69,84,187,166,183,170,105,235,121,251,261
53,12469757,67,61,49,81,64,182,199,183,203,105,235,121,251,260
54,12469758,29,25,5,10,52,176,156,170,189,105,235,121,251,260
55,12469759,81,3,50,57,8,157,151,162,176,103,233,122,252,261
56,12469761,58,47,53,29,34,138,140,205,186,107,237,121,251,261
57,12469766,84,6,31,58,57,141,180,157,208,100,230,121,251,260
58,12469767,25,63,51,7,33,206,133,214,139,106,236,121,251,260
59,12469768,75,62,15,51,52,138,141,164,165,111,241,121,251,260
60,12469769,31,46,81,77,34,130,146,154,148,100,230,121,251,261
61,12469770,5,57,41,29,77,193,133,211,206,107,237,121,251,260
62,12469772,27,3,36,56,50,131,176,170,153,100,230,123,253,260
63,12469773,39,23,57,34,12,190,182,195,208,109,239,121,251,261
64,12469774,38,39,40,63,84,212,176,150,162,112,242,120,250,260
65,12469775,1,18,33,60,0,146,178,210,214,104,234,122,252,260
66,12469776,2,81,69,28,59,146,182,147,165,111,241,121,251,261
67,12469781,73,80,23,31,36,207,187,174,140,105,235,122,252,260
68,12469782,39,63,14,15,61,153,187,161,186,111,241,123,253,261
69,12469790,46,49,61,34,23,196,188,163,193,105,235,121,251,261
70,12469794,39,57,31,32,6,212,140,206,207,104,234,120,250,260
71,12469795,50,40,64,20,82,130,141,174,137,109,239,122,252,261
72,12469797,82,25,73,84,79,146,174,182,158,109,239,121,251,260
73,12469801,55,14,69,29,57,157,182,177,131,105,235,121,251,260
74,12469802,18,34,52,5,39,134,165,192,188,110,240,120,250,260
75,12469804,49,39,63,57,29,162,161,185,138,111,241,121,251,261
76,12469805,77,69,31,5,16,136,138,163,180,103,233,122,252,261
77,12469806,5,40,9,78,57,159,214,162,172,100,230,123,253,260
78,12469809,21,76,51,69,16,166,179,195,159,111,241,121,251,261
79,12469810,25,0,61,37,17,170,200,208,187,105,235,121,251,261
80,12469811,11,58,18,76,77,195,138,136,140,104,234,121,251,260
81,12469812,36,25,9,70,79,193,214,179,183,111,241,121,251,261
82,12469813,4,40,36,37,26,164,214,132,136,107,237,123,253,260
83,12469815,40,57,77,15,10,193,208,178,179,105,235,121,251,260
84,12469816,49,82,73,36,8,167,211,130,161,100,230,121,251,260
85,12469817,81,18,48,8,37,155,209,136,181,109,239,121,251,260
86,12469819,11,57,23,43,21,149,199,174,183,105,235,121,251,261
87,12469826,11,27,83,36,41,197,208,161,154,106,236,121,251,261
88,12469828,3,8,65,21,36,146,170,155,179,104,234,121,251,261
89,12469829,41,61,77,23,40,148,144,176,202,111,241,122,252,260
90,12469834,49,50,21,3,29,197,137,155,153,106,236,121,251,261
91,12469836,49,18,75,65,10,192,146,145,187,110,240,122,252,260
92,12469838,26,17,51,27,81,170,206,189,179,107,237,121,251,261
93,12469839,41,44,53,80,52,140,172,206,166,109,239,121,251,261
94,12469840,57,83,18,6,58,207,169,161,141,103,233,120,250,261
95,12469841,81,15,3,53,36,135,171,163,187,107,237,121,251,260
96,12469843,76,12,53,48,10,138,208,155,180,106,236,121,251,261
97,12469844,31,6,3,52,62,207,170,159,195,103,233,120,250,261
98,12469845,34,7,47,67,63,203,156,210,180,107,237,123,253,260
99,12469846,26,9,21,33,16,148,172,208,170,104,234,121,251,260
100,12469847,50,79,81,39,25,148,206,197,189,109,239,121,251,260
101,12469848,40,9,18,78,52,201,140,156,157,100,230,120,250,261
102,12469849,57,39,23,56,29,171,188,161,207,111,241,121,251,261
103,12469850,41,65,67,9,18,161,149,138,146,105,235,121,251,261
104,12469851,29,78,0,34,28,166,197,137,199,107,237,121,251,261
105,12469852,44,28,68,58,77,199,192,148,208,104,234,122,252,260
106,12469853,40,21,17,19,46,152,214,143,208,106,236,121,251,261
107,12469854,57,27,25,39,44,182,141,140,166,104,234,121,251,261
108,12469855,65,18,2,29,34,161,193,133,165,111,241,123,253,260
109,12469857,4,36,66,57,62,193,148,157,186,103,233,120,250,261
110,12469858,23,3,57,62,20,170,138,168,180,109,239,123,253,261
111,12469860,65,5,51,7,29,212,155,190,176,104,234,122,252,261
112,12469861,63,0,5,7,8,203,196,148,206,105,235,121,251,261
113,12469863,71,51,49,34,78,155,130,151,182,100,230,121,251,261
114,12469865,28,1,18,74,26,187,137,136,147,106,236,123,253,260
115,12469870,34,17,18,44,78,153,202,194,179,104,234,122,252,261
116,12469871,52,11,31,32,3,198,173,169,140,106,236,123,253,260
117,12469880,64,18,76,14,51,179,163,193,130,105,235,121,251,260
118,12469884,9,53,7,15,32,130,193,172,141,106,236,121,251,260
119,12469890,2,29,62,84,18,158,199,177,169,109,239,123,253,260
120,12469894,18,29,51,49,40,206,210,155,164,106,236,121,251,261
121,12469897,23,19,35,26,39,130,135,141,207,111,241,122,252,261
122,12469912,21,15,74,25,5,147,208,200,209,106,236,121,251,260
123,12469914,57,55,23,3,31,194,170,138,179,107,237,121,251,261
124,12469915,64,47,71,27,63,132,139,166,148,109,239,123,253,261
125,12469916,76,34,39,38,19,155,153,188,131,110,240,120,250,261
126,12469917,74,26,76,32,6,193,161,180,132,108,238,120,250,261
127,12469919,32,78,34,5,11,193,206,190,203,101,231,122,252,261
128,12469920,26,35,36,80,34,170,159,148,163,107,237,121,251,261
129,12469921,0,82,52,78,36,161,205,170,179,100,230,121,251,260
130,12469922,62,69,34,57,3,182,208,170,153,106,236,123,253,261
131,12469923,51,25,36,40,10,131,161,208,164,107,237,121,251,260
132,12469924,1,34,5,25,47,213,191,158,168,109,239,121,251,261
133,12469926,56,40,25,18,39,180,157,132,206,112,242,122,252,261
134,12469927,82,70,77,27,74,138,153,188,134,112,242,122,252,261
135,12469928,10,1,49,18,62,207,193,183,182,108,238,122,252,261
136,12469929,32,43,5,36,21,208,153,187,172,105,235,121,251,260
137,12469930,42,25,78,9,18,204,212,197,165,111,241,122,252,260
138,12469931,49,10,77,65,84,130,197,138,167,111,241,121,251,261
139,12469932,71,77,46,84,42,210,180,187,133,111,241,123,253,261
140,12469933,56,78,25,70,29,214,166,138,169,106,236,121,251,261
141,12469934,50,14,73,49,27,210,192,183,187,107,237,121,251,261
142,12469936,52,46,72,4,65,170,158,167,187,109,239,123,253,260
143,12469937,28,69,49,47,2,181,174,138,182,105,235,121,251,261
144,12469938,39,50,32,52,21,194,164,147,187,112,242,120,250,260
145,12469940,33,38,21,50,3,162,179,203,130,109,239,123,253,260
146,12469941,60,0,58,25,36,187,179,156,181,111,241,121,251,260
147,12469942,46,35,29,19,27,179,174,207,208,111,241,121,251,261
148,12469943,64,36,84,76,11,157,155,131,164,100,230,121,251,260
149,12469945,81,69,12,75,78,214,169,179,207,111,241,121,251,260
150,12469980,73,9,6,65,28,166,161,197,148,109,239,121,251,261
151,12469981,20,82,9,40,10,205,153,208,138,107,237,121,251,260
152,12469985,18,81,75,78,69,182,153,187,133,111,241,121,251,260
153,12469986,31,29,34,0,16,208,163,191,151,100,230,121,251,260
154,12470021,51,49,29,3,8,213,154,182,132,105,235,121,251,260
155,12470029,31,10,53,1,32,189,214,169,166,106,236,123,253,260
156,12470030,8,34,69,67,78,195,170,154,181,111,241,121,251,260
157,12470031,65,2,57,53,56,169,166,154,185,111,241,121,251,261
158,12470033,77,18,43,70,84,164,163,153,179,111,241,121,251,261
159,12470034,44,77,34,16,62,157,149,154,135,103,233,122,252,260
160,12470036,35,80,32,3,36,159,148,169,161,112,242,120,250,260
161,12470037,65,39,31,83,62,150,170,207,135,110,240,120,250,261
162,12470038,18,26,10,32,36,209,207,167,165,106,236,121,251,261
163,12470044,19,34,78,12,42,140,136,195,141,111,241,122,252,261
164,12470045,42,12,59,43,49,162,183,187,188,104,234,121,251,260
165,12470046,78,20,77,29,6,164,151,202,204,111,241,121,251,261
166,12470047,44,52,31,5,37,166,187,130,189,106,236,121,251,261
167,12470048,77,17,65,57,19,166,142,206,180,109,239,121,251,261
168,12470050,23,36,71,14,7,210,206,164,207,105,235,122,252,260
169,12470051,36,55,51,25,12,144,138,157,207,104,234,121,251,260
170,12470052,53,8,64,84,55,155,161,187,203,104,234,121,251,261
171,12470058,1,31,83,17,43,140,134,191,164,105,235,120,250,260
172,12470059,78,61,40,77,9,180,197,165,156,100,230,122,252,261
173,12470060,18,36,34,52,73,157,194,136,210,101,231,122,252,260
174,12470061,16,67,11,1,29,204,144,155,179,100,230,121,251,260
175,12470062,77,52,1,75,57,180,179,155,174,106,236,121,251,261
176,12470064,62,37,57,18,49,149,158,203,210,101,231,122,252,261
177,12470065,62,28,36,29,41,170,189,191,154,107,237,121,251,260
178,12470066,36,3,11,5,62,214,140,179,156,104,234,121,251,260
179,12470068,31,58,57,50,5,162,213,157,147,105,235,122,252,260
180,12470069,8,16,62,36,57,193,199,155,158,104,234,123,253,261
181,12470071,10,25,62,50,34,138,162,203,158,108,238,122,252,260
182,12470072,44,77,49,10,40,210,159,148,191,109,239,122,252,261
183,12470073,57,35,42,23,78,146,183,182,191,111,241,121,251,260
184,12470074,24,29,10,36,34,158,186,138,209,104,234,121,251,261
185,12470075,52,34,78,84,6,133,135,166,187,104,234,123,253,260
186,12470076,52,18,10,82,34,207,134,150,195,104,234,122,252,261
187,12470077,25,23,56,34,78,140,195,187,149,103,233,120,250,261
188,12470078,83,79,48,3,21,157,166,159,203,100,230,121,251,260
189,12470079,31,69,0,56,2,178,204,155,140,105,235,121,251,260
190,12470080,11,8,21,73,51,204,140,166,209,111,241,121,251,260
191,12470081,71,18,49,77,29,170,185,210,183,104,234,121,251,261
192,12470082,27,11,71,37,82,186,146,187,131,107,237,121,251,260
193,12470083,40,12,21,37,0,208,147,149,183,106,236,121,251,261
194,12470084,9,74,53,61,79,194,195,155,208,111,241,121,251,261
195,12470085,19,60,43,84,28,152,137,143,161,105,235,121,251,260
196,12470086,0,51,41,17,40,206,167,155,135,111,241,121,251,261
197,12470088,55,26,37,57,21,177,203,170,166,111,241,121,251,260
198,12470091,3,13,22,77,31,151,138,137,139,105,235,121,251,261
199,12470101,73,57,71,49,50,148,140,158,147,106,236,123,253,260
200,12470108,58,6,57,77,47,140,151,143,182,111,241,122,252,261
201,12470112,18,11,34,39,17,188,182,180,156,108,238,120,250,260
202,12470114,75,44,64,8,68,166,213,140,200,111,241,121,251,260
203,12470115,50,53,25,29,37,151,199,169,207,107,237,123,253,260
204,12470116,25,28,23,16,17,179,141,210,202,104,234,122,252,261
205,12470117,56,39,67,35,15,135,133,211,130,105,235,121,251,261
206,12470118,10,33,25,18,57,214,170,174,136,100,230,122,252,260
207,12470119,71,50,65,34,37,155,148,203,179,106,236,121,251,260
208,12470121,11,52,36,83,80,153,147,157,179,111,241,121,251,260
209,12470123,49,82,83,2,33,178,177,155,197,106,236,121,251,261
210,12470124,50,77,27,16,25,166,135,208,139,104,234,121,251,260
211,12470125,83,77,62,8,73,132,195,211,162,107,237,121,251,260
212,12470126,3,49,32,11,62,155,212,157,142,109,239,121,251,260
213,12470127,46,82,70,36,57,167,164,195,163,109,239,121,251,261
214,12470128,49,77,36,78,17,130,214,153,155,106,236,121,251,260
215,12470129,43,77,40,8,69,195,158,176,214,105,235,123,253,260
216,12470130,8,23,31,42,37,170,202,203,199,107,237,121,251,261
217,12470131,13,17,22,31,7,170,153,141,135,104,234,123,253,260
218,12470134,49,16,53,18,77,194,205,164,145,104,234,123,253,260
219,12470187,29,14,36,17,2,172,140,135,170,111,241,121,251,260
220,12470188,60,18,3,28,80,180,187,132,162,105,235,122,252,260
221,12470189,36,29,77,48,35,179,196,172,210,109,239,121,251,260
222,12470190,6,67,16,31,52,207,180,151,208,109,239,123,253,260
223,12470191,56,13,22,3,84,135,148,191,140,106,236,121,251,260
224,12470208,55,78,40,80,84,191,137,155,193,100,230,123,253,260
225,12470209,8,10,14,29,6,182,168,162,167,104,234,123,253,261
226,12470210,28,57,10,82,50,179,202,208,151,105,235,123,253,261
227,12470211,2,36,0,33,83,170,150,140,205,104,234,121,251,260
228,12470213,57,62,27,39,18,208,206,164,172,109,239,120,250,260
229,12470214,74,31,53,65,33,170,159,130,133,106,236,121,251,261
230,12470215,27,17,20,65,37,189,138,173,186,106,236,121,251,261
231,12470216,82,20,47,50,39,167,158,154,149,104,234,121,251,261
232,12470217,16,20,77,8,44,203,151,177,180,111,241,122,252,260
233,12470218,8,50,17,76,73,192,148,151,164,105,235,123,253,260
234,12470220,78,9,50,21,52,135,207,203,197,109,239,120,250,260
235,12470223,72,3,82,34,28,150,180,196,171,100,230,121,251,261
236,12470228,84,18,78,44,32,178,140,207,186,105,235,121,251,261
237,12470234,73,63,55,77,62,133,161,166,148,111,241,121,251,261
238,12470237,63,61,77,65,73,188,187,180,161,103,233,122,252,260
239,12470238,49,84,6,21,41,158,180,196,191,104,234,123,253,261
240,12470239,52,21,76,78,4,202,179,164,169,100,230,121,251,260
241,12470242,8,25,18,78,49,170,187,131,140,107,237,123,253,260
242,12470243,63,1,82,8,78,171,159,148,165,105,235,121,251,260
243,12470244,40,78,1,25,48,187,159,212,195,107,237,121,251,261
244,12470248,15,78,23,36,81,168,193,157,146,105,235,121,251,260
245,12470250,53,21,3,40,72,207,188,187,166,104,234,121,251,261
246,12470251,8,80,49,61,20,195,155,180,135,111,241,121,251,261
247,12470252,27,25,69,37,80,169,180,185,187,109,239,121,251,261
248,12470253,5,81,43,18,34,201,153,146,207,111,241,122,252,261
249,12470254,73,18,62,61,84,213,182,176,195,105,235,121,251,260
250,12470255,11,32,8,10,77,192,194,190,214,109,239,123,253,260
251,12470256,39,50,34,20,36,186,132,182,149,105,235,121,251,261
252,12470257,82,83,74,26,56,141,182,140,190,106,236,121,251,261
253,12470258,8,26,77,50,76,148,158,179,191,111,241,121,251,260
254,12470262,33,77,8,48,39,133,155,172,164,100,230,121,251,260
255,12470263,78,53,18,24,21,182,149,140,199,105,235,123,253,261
256,12470264,43,49,57,82,50,202,164,140,138,111,241,123,253,261
257,12470265,21,81,46,23,36,202,155,187,140,107,237,121,251,261
258,12470266,39,8,18,84,44,132,150,207,164,107,237,123,253,261
259,12470267,33,27,14,83,64,185,206,131,151,104,234,121,251,261
260,12470268,3,25,36,28,52,161,181,213,138,107,237,121,251,261
261,12470269,10,82,29,8,21,197,136,164,208,105,235,123,253,260
262,12470270,63,31,17,41,27,135,200,169,174,111,241,121,251,260
263,12470272,10,50,57,34,77,165,162,206,213,100,230,122,252,261
264,12470273,23,33,74,57,50,134,207,213,158,103,233,120,250,260
265,12470274,41,32,0,5,61,133,200,138,148,109,239,121,251,261
266,12470275,18,49,13,7,22,155,164,140,166,109,239,121,251,260
267,12470277,39,24,0,59,32,191,213,144,207,100,230,121,251,261
268,12470278,50,52,7,56,57,139,166,195,134,109,239,122,252,261
269,12470279,18,17,10,52,27,207,155,208,180,100,230,121,251,261
270,12470281,1,57,46,26,31,191,167,155,158,107,237,121,251,260
271,12470282,32,84,2,44,8,180,170,208,172,110,240,122,252,260
272,12470283,49,63,21,73,25,146,207,187,182,107,237,123,253,261
273,12470284,43,56,26,77,57,199,142,195,138,107,237,121,251,260
274,12470287,39,14,82,34,63,176,151,159,134,105,235,123,253,260
275,12470288,12,3,40,57,50,208,201,199,141,105,235,121,251,260
276,12470291,50,77,2,47,69,169,148,138,187,101,231,122,252,260
277,12470292,18,77,1,57,46,150,208,179,168,100,230,123,253,260
278,12470293,31,41,25,42,67,131,214,195,169,100,230,121,251,260
279,12470294,49,10,76,83,77,162,201,205,204,109,239,123,253,261
280,12470296,53,73,5,63,34,151,196,132,153,105,235,121,251,260
281,12470297,44,10,18,51,31,170,203,147,156,105,235,122,252,261
282,12470298,51,39,8,65,84,157,203,197,174,107,237,121,251,260
283,12470299,20,10,11,17,59,145,151,209,180,103,233,122,252,260
284,12470300,29,57,73,77,36,195,200,153,171,106,236,121,251,260
285,12470301,2,51,17,81,14,168,163,196,204,107,237,121,251,261
286,12470302,36,11,19,61,65,155,182,210,138,109,239,121,251,261
287,12470303,19,84,39,38,34,153,179,170,136,100,230,120,250,260
288,12470305,40,43,23,65,53,146,202,138,206,104,234,121,251,260
289,12470306,18,35,25,3,77,199,170,146,180,100,230,122,252,260
290,12470307,29,32,17,39,40,207,214,136,194,103,233,120,250,260
291,12470308,46,40,1,9,23,161,208,174,180,111,241,123,253,261
292,12470342,36,71,40,26,52,161,154,159,138,100,230,121,251,261
293,12470354,35,50,34,16,26,169,193,138,174,100,230,121,251,260
294,12470355,84,5,64,23,49,150,140,180,147,105,235,122,252,261
295,12470356,36,17,39,12,40,153,208,151,197,109,239,121,251,260
296,12470357,82,67,73,40,68,151,167,146,181,100,230,121,251,261
297,12470358,17,28,34,37,83,174,181,135,200,111,241,121,251,261
298,12470359,7,62,19,47,55,180,195,164,176,109,239,123,253,261
299,12470360,18,11,78,4,69,147,203,159,200,104,234,122,252,260
300,12470361,40,46,24,84,6,206,195,149,208,100,230,121,251,261
301,12470362,84,29,71,27,39,182,161,166,194,100,230,121,251,261
302,12470363,25,58,57,80,18,165,134,133,154,104,234,121,251,261
303,12470387,50,20,16,5,44,162,132,209,191,105,235,122,252,261
304,12470397,36,52,33,50,41,162,161,210,151,100,230,123,253,261
305,12470414,39,25,57,8,44,214,181,159,132,106,236,121,251,261
306,12470417,32,28,8,78,44,152,143,161,169,101,231,122,252,260
307,12470418,83,62,14,32,2,138,196,159,148,109,239,121,251,260
308,12470425,50,21,78,11,55,162,166,199,157,106,236,123,253,261
309,12470452,10,71,18,48,52,180,161,133,166,101,231,120,250,261
310,12470453,42,0,36,2,40,195,191,181,137,104,234,121,251,260
311,12470457,13,10,47,22,79,207,146,153,187,107,237,121,251,260
312,12470461,29,18,81,60,0,132,153,136,161,108,238,122,252,261
313,12470465,49,78,70,83,50,140,189,182,148,104,234,121,251,261
314,12470467,52,3,77,75,47,191,213,149,134,100,230,121,251,260
315,12470468,65,18,35,78,47,193,187,156,212,107,237,121,251,261
316,12470469,33,70,80,73,4,208,170,186,148,105,235,122,252,260
317,12470470,36,62,10,32,11,214,181,182,139,106,236,121,251,260
318,12470471,50,53,5,39,18,189,212,193,208,109,239,121,251,261
319,12470472,10,82,28,9,18,174,213,133,130,112,242,122,252,261
320,12470473,21,2,50,83,0,173,158,179,135,111,241,122,252,260
321,12470474,63,62,51,39,84,130,132,180,182,107,237,121,251,260
322,12470475,5,31,26,3,50,162,203,210,158,101,231,122,252,261
323,12470476,44,73,23,80,28,133,141,131,135,100,230,122,252,261
324,12470477,76,48,11,67,23,130,183,195,164,105,235,121,251,260
325,12470479,9,61,24,74,40,157,207,151,135,109,239,121,251,261
326,12470482,15,50,56,36,39,183,187,162,140,111,241,121,251,260
327,12470485,3,52,33,79,23,141,193,210,208,100,230,123,253,260
328,12470493,52,14,71,43,50,143,157,196,152,104,234,121,251,260
329,12470496,77,75,84,16,36,135,199,209,212,111,241,123,253,261
330,12470497,34,78,65,29,15,166,132,212,189,109,239,121,251,260
331,12470498,66,11,62,78,18,187,203,158,193,101,231,122,252,261
332,12470499,36,76,77,11,74,148,151,132,139,111,241,123,253,261
333,12470500,0,84,6,3,31,145,148,159,208,100,230,121,251,261
334,12470501,66,56,10,35,29,200,173,209,212,100,230,121,251,260
335,12470502,80,46,8,19,27,207,206,201,147,101,231,122,252,261
336,12470503,49,17,18,26,78,144,197,180,171,105,235,121,251,261
337,12470504,3,18,36,81,77,161,169,162,187,101,231,122,252,260
338,12470505,42,47,16,31,21,187,213,170,164,111,241,121,251,261
339,12470506,50,76,58,32,65,214,153,140,177,111,241,122,252,261
340,12470507,76,37,29,17,19,178,131,161,195,107,237,123,253,260
341,12470510,14,58,77,65,23,192,213,180,169,111,241,122,252,261
342,12470511,44,10,40,15,18,155,162,138,161,109,239,121,251,261
343,12470512,39,63,34,1,57,161,148,203,162,101,231,120,250,261
344,12470513,51,72,80,49,46,167,201,161,193,107,237,121,251,261
345,12470516,76,7,0,83,47,181,169,182,138,109,239,121,251,260
346,12470519,4,48,78,52,28,136,133,202,161,106,236,121,251,261
347,12470520,21,32,34,41,29,180,204,187,207,110,240,120,250,260
348,12470521,27,8,49,42,19,164,183,131,153,100,230,121,251,260
349,12470523,41,42,79,77,8,169,202,214,180,106,236,121,251,261
350,12470530,8,40,77,37,24,206,153,155,177,107,237,121,251,260
351,12470535,10,49,25,8,12,170,141,203,153,106,236,121,251,261
352,12470537,18,2,17,70,57,167,170,151,149,107,237,123,253,261
353,12470538,15,78,77,13,22,162,181,203,174,104,234,121,251,261
354,12470540,18,16,47,31,69,156,162,141,140,103,233,122,252,260
355,12470542,29,57,40,64,59,183,154,168,166,106,236,121,251,260
356,12470546,69,16,52,0,8,183,187,131,151,111,241,121,251,260
357,12470549,34,64,65,5,40,179,145,138,167,109,239,121,251,261
358,12470551,78,61,9,8,70,132,148,181,207,104,234,121,251,260
359,12470552,18,62,33,36,3,151,165,177,180,104,234,123,253,260
360,12470555,70,36,7,84,50,207,208,156,165,107,237,121,251,260
361,12470556,37,17,82,52,57,130,164,213,173,105,235,121,251,261
362,12470558,53,34,41,47,57,167,158,206,138,106,236,121,251,260
363,12470564,57,8,79,36,2,130,157,131,197,104,234,121,251,260
364,12470567,44,50,27,8,37,193,136,191,208,104,234,120,250,261
365,12470569,50,36,51,77,8,132,172,157,147,104,234,123,253,260
366,12470571,5,78,18,8,34,176,182,163,180,103,233,122,252,260
367,12470572,10,48,32,42,20,165,134,169,153,105,235,123,253,260
368,12470573,7,40,50,1,0,168,136,174,140,111,241,123,253,260
369,12470574,18,73,1,70,34,170,166,134,182,110,240,120,250,261
370,12470576,77,12,71,78,8,132,135,158,148,112,242,122,252,261
371,12470578,70,66,74,34,63,214,208,162,138,111,241,122,252,261
372,12470580,40,18,57,80,37,138,153,161,208,105,235,121,251,260
373,12470584,63,13,22,2,68,140,162,213,151,104,234,122,252,261
374,12470585,57,80,83,8,61,135,180,164,155,111,241,121,251,261
375,12470586,73,84,32,83,34,165,210,206,193,111,241,121,251,260
376,12470594,18,70,67,31,64,157,162,206,146,111,241,122,252,260
377,12470596,2,25,31,5,18,153,187,208,158,103,233,122,252,261
378,12470598,33,69,6,84,7,166,176,155,138,111,241,123,253,261
379,12470602,25,81,41,69,77,135,173,180,161,109,239,122,252,261
380,12470603,4,38,78,49,36,180,169,199,136,103,233,122,252,260
381,12470604,24,7,72,20,23,206,148,140,214,100,230,121,251,261
382,12470606,6,50,38,7,61,138,134,195,208,111,241,121,251,261
383,12470608,74,77,70,53,34,138,203,131,148,105,235,121,251,261
384,12470609,23,65,25,51,27,182,161,172,193,100,230,121,251,261
385,12470610,0,16,52,37,79,140,138,197,155,107,237,121,251,260
386,12470611,0,35,34,29,26,206,195,197,163,111,241,121,251,260
387,12470614,47,36,72,2,57,212,167,182,180,105,235,121,251,260
388,12470615,31,57,36,5,8,211,199,155,168,105,235,121,251,260
389,12470616,43,57,51,67,24,159,212,167,164,106,236,121,251,260
390,12470617,41,70,23,20,40,132,144,159,157,107,237,121,251,261
391,12470620,74,65,12,52,42,208,136,206,151,100,230,121,251,260
392,12470627,71,23,78,69,34,131,158,132,195,107,237,121,251,261
393,12470628,19,34,25,42,52,138,207,211,136,104,234,121,251,261
394,12470632,27,76,39,18,63,130,155,170,145,101,231,122,252,260
395,12470633,78,53,44,38,1,211,155,136,165,105,235,123,253,260
396,12470634,72,39,49,83,71,158,153,132,138,109,239,123,253,260
397,12470636,38,18,2,76,83,177,208,158,134,106,236,123,253,260
398,12470637,57,10,18,52,8,163,147,194,192,106,236,123,253,260
399,12470640,20,6,2,57,50,147,194,157,158,104,234,122,252,261
400,12470642,70,23,27,3,83,161,168,148,166,105,235,121,251,260
401,12470646,73,76,25,23,56,167,148,182,170,100,230,123,253,260
402,12470647,17,7,77,84,69,179,182,145,169,109,239,123,253,260
403,12470648,62,50,0,3,57,195,135,151,173,107,237,123,253,260
404,12470650,36,41,77,11,62,208,138,164,161,107,237,121,251,260
405,12470651,17,5,25,39,11,151,157,146,162,111,241,123,253,261
406,12470655,5,71,23,2,27,146,210,141,136,112,242,122,252,260
407,12470657,78,23,57,25,55,167,169,157,207,106,236,121,251,261
408,12470658,73,0,65,53,32,207,171,154,187,107,237,121,251,261
409,12470659,29,47,8,74,0,166,164,171,187,105,235,121,251,261
410,12470660,0,75,49,38,10,169,211,147,164,107,237,121,251,260
411,12470661,42,40,37,84,5,192,195,145,169,100,230,121,251,261
412,12470665,62,84,27,23,73,183,197,208,186,100,230,121,251,261
413,12470666,63,40,83,29,39,153,164,204,206,111,241,121,251,261
414,12470667,42,52,29,70,36,179,144,138,174,107,237,121,251,260
415,12470668,20,2,50,42,9,182,159,153,158,109,239,123,253,260
416,12470669,29,10,49,33,24,150,199,138,132,106,236,121,251,261
417,12470670,32,42,2,8,31,212,148,178,144,112,242,120,250,260
418,12470671,32,44,42,74,1,177,173,189,138,104,234,121,251,260
419,12470672,11,63,37,18,49,188,155,158,147,104,234,120,250,260
420,12470673,61,25,37,81,35,190,181,187,171,111,241,121,251,261
421,12470674,3,32,31,28,5,187,203,207,168,109,239,123,253,261
422,12470675,64,72,57,82,69,193,170,207,158,100,230,121,251,260
423,12470676,53,77,36,37,57,164,153,165,147,107,237,121,251,261
424,12470677,27,42,46,25,77,167,158,195,135,105,235,121,251,261
425,12470678,70,66,57,55,58,173,138,154,130,111,241,121,251,261
426,12470679,75,68,40,49,36,155,195,181,214,106,236,121,251,261
427,12470682,77,53,44,78,84,164,203,134,182,107,237,121,251,261
428,12470686,28,20,4,32,78,173,195,166,180,104,234,122,252,261
429,12470689,32,40,46,14,28,148,161,204,138,109,239,121,251,261
430,12470692,43,69,76,84,44,170,140,213,150,105,235,121,251,260
431,12470695,25,36,57,58,32,193,140,148,164,104,234,120,250,260
432,12470696,43,8,26,13,22,166,150,195,203,107,237,121,251,261
433,12470697,2,56,76,82,84,161,198,177,188,105,235,121,251,261
434,12470699,11,17,46,50,36,182,167,161,202,103,233,122,252,261
435,12470700,0,69,57,78,18,147,161,158,169,104,234,120,250,261
436,12470703,39,11,40,6,72,151,194,159,148,106,236,123,253,261
437,12470705,14,39,25,72,24,165,148,140,199,100,230,121,251,261
438,12470708,41,51,49,61,23,139,182,192,151,100,230,121,251,260
439,12470711,56,49,42,82,8,211,130,200,166,111,241,121,251,261
440,12470712,24,37,1,63,49,171,187,191,207,109,239,123,253,261
441,12470713,52,44,2,72,28,179,170,180,159,109,239,121,251,260
442,12470717,69,74,63,31,84,162,147,141,157,103,233,122,252,261
443,12470718,34,10,43,57,6,158,137,180,159,104,234,122,252,260
444,12470719,15,77,28,36,64,196,180,144,187,106,236,121,251,261
445,12470720,63,34,61,83,10,149,197,169,151,105,235,123,253,260
446,12470722,78,51,36,52,8,206,170,214,201,109,239,121,251,260
447,12470723,50,51,36,78,57,176,165,183,182,106,236,121,251,261
448,12470725,55,43,21,40,32,167,200,182,155,100,230,121,251,260
449,12470741,52,40,1,25,10,183,133,179,130,109,239,121,251,260
450,12470742,28,8,78,17,4,203,201,153,151,109,239,123,253,260
451,12470743,64,5,23,42,76,133,142,191,159,104,234,121,251,260
452,12470744,57,32,2,17,52,164,135,163,208,110,240,122,252,260
453,12470745,84,48,38,18,74,153,163,164,194,111,241,122,252,261
454,12470746,41,23,38,34,48,179,162,141,137,110,240,122,252,261
455,12470747,19,17,10,31,26,134,153,176,164,109,239,122,252,260
456,12470748,51,62,52,66,70,183,170,212,147,104,234,121,251,260
457,12470750,16,40,71,50,36,203,182,178,165,100,230,122,252,260
458,12470751,74,57,32,28,67,174,141,164,140,105,235,123,253,260
459,12470755,11,78,40,47,23,201,139,180,144,106,236,123,253,260
460,12470758,22,2,83,8,13,140,154,150,180,100,230,121,251,260
461,12470763,18,40,37,21,80,180,166,150,132,109,239,121,251,261
462,12470780,81,37,67,40,48,166,157,140,195,105,235,121,251,260
463,12470796,29,8,2,44,53,179,187,155,154,105,235,121,251,260
464,12470845,50,77,73,84,53,136,187,149,132,105,235,122,252,260
465,12470849,38,57,44,58,18,155,199,151,193,111,241,122,252,260
466,12470872,68,31,52,26,37,163,138,208,177,109,239,121,251,260
467,12470879,25,78,57,28,77,161,195,169,153,105,235,121,251,261
468,12470882,24,36,19,10,57,167,132,210,148,104,234,121,251,260
469,12470883,3,52,51,34,12,166,138,136,210,104,234,121,251,260
470,12470884,36,13,73,52,22,150,194,155,148,107,237,121,251,260
471,12470885,34,2,4,83,28,193,166,203,179,105,235,121,251,261
472,12470888,73,69,83,14,6,131,142,183,132,100,230,121,251,261
473,12470898,56,28,52,51,43,138,140,177,166,100,230,121,251,261
474,12470899,73,32,21,40,72,177,158,180,156,101,231,122,252,261
475,12470905,42,78,72,6,57,144,204,174,138,106,236,123,253,261
476,12470908,69,19,2,76,8,156,164,162,188,109,239,123,253,261
477,12470913,63,2,49,53,8,137,180,205,170,104,234,121,251,260
478,12470914,25,14,80,67,39,139,145,133,132,104,234,121,251,260
479,12470916,76,19,78,49,77,168,166,161,132,104,234,121,251,260
480,12470918,67,1,57,78,63,159,132,153,150,105,235,121,251,261
481,12470920,84,26,24,43,53,195,205,200,140,106,236,121,251,261
482,12470921,23,25,11,40,73,188,149,192,157,107,237,123,253,260
483,12470922,57,63,62,64,71,174,153,151,140,105,235,120,250,261
484,12470924,57,51,41,36,61,130,213,133,138,111,241,121,251,261
485,12470925,28,63,3,77,21,163,138,203,180,106,236,123,253,260
486,12470927,33,67,5,42,3,203,189,206,186,100,230,121,251,260
487,12470928,23,64,25,34,1,138,207,188,135,107,237,123,253,261
488,12470930,0,46,25,8,56,140,144,212,174,111,241,121,251,261
489,12470931,19,3,83,63,31,187,134,140,159,109,239,120,250,261
490,12470932,34,0,21,36,78,167,170,177,159,104,234,121,251,261
491,12470934,34,22,7,62,13,208,170,153,145,111,241,121,251,261
492,12470935,77,1,40,50,78,197,151,199,153,111,241,121,251,260
493,12470937,20,77,83,18,49,193,172,135,187,109,239,121,251,260
494,12470938,62,70,46,23,21,190,188,180,206,101,231,122,252,260
495,12470940,71,34,52,18,64,209,203,157,214,104,234,122,252,261
496,12470941,18,79,84,8,73,155,188,161,210,110,240,122,252,260
497,12470942,73,32,49,18,84,194,139,156,207,112,242,122,252,261
498,12470950,44,27,4,3,23,193,208,164,149,109,239,123,253,260
499,12470952,82,38,11,25,16,174,204,164,193,107,237,123,253,260
500,12470953,44,32,49,21,9,180,159,172,155,100,230,121,251,261
501,12470954,34,8,44,2,76,214,151,209,182,100,230,121,251,260
502,12470957,2,76,32,82,26,180,205,169,198,104,234,123,253,261
503,12470959,21,57,29,26,8,131,195,206,166,109,239,121,251,261
504,12470961,43,84,5,32,81,179,206,208,168,100,230,121,251,261
505,12470962,24,57,39,76,84,170,205,132,151,109,239,121,251,261
506,12470963,1,81,28,21,64,191,187,208,166,107,237,121,251,261
507,12470964,80,82,39,57,36,148,132,211,201,109,239,121,251,260
508,12470966,49,41,20,47,8,158,169,197,212,107,237,121,251,260
509,12470967,82,36,34,20,10,169,155,147,159,109,239,123,253,261
510,12470968,25,81,55,51,43,138,166,158,208,105,235,121,251,261
511,12470969,52,31,36,4,74,164,187,162,132,101,231,122,252,261
512,12470978,22,74,21,13,5,133,163,183,166,111,241,121,251,261
513,12470979,53,37,74,6,40,180,187,197,161,100,230,123,253,261
514,12470981,27,69,52,78,84,209,158,132,213,109,239,121,251,261
515,12470983,32,33,1,3,29,187,153,147,203,109,239,122,252,261
516,12470984,39,65,1,21,32,155,194,136,164,106,236,121,251,260
517,12470987,22,53,13,31,7,131,202,166,140,106,236,121,251,261
518,12470988,43,53,5,82,84,140,189,130,166,111,241,121,251,260
519,12470992,77,84,63,65,10,139,163,134,164,110,240,122,252,261
520,12470993,18,35,24,58,57,193,191,133,183,100,230,121,251,260
521,12470995,29,0,24,73,34,197,138,201,172,111,241,121,251,260
522,12470996,34,77,21,10,50,148,188,131,165,100,230,122,252,261
523,12470997,57,36,71,1,78,214,140,177,159,107,237,121,251,260
524,12471001,50,28,39,83,80,200,182,149,171,110,240,122,252,260
525,12471002,77,39,52,32,29,137,153,205,161,107,237,123,253,260
526,12471004,3,24,49,57,51,172,195,186,204,105,235,121,251,261
527,12471007,78,50,56,57,52,140,163,166,151,100,230,123,253,260
528,12471010,41,53,36,82,35,214,151,132,131,105,235,121,251,260
529,12471012,57,44,14,50,16,136,166,161,171,107,237,121,251,261
530,12471013,36,25,28,11,19,213,164,138,172,109,239,121,251,260
531,12471014,65,79,0,56,7,154,140,182,166,100,230,121,251,261
532,12471019,5,4,31,46,81,148,170,147,199,105,235,120,250,261
533,12471022,0,29,8,77,2,212,143,187,152,109,239,121,251,260
534,12471023,11,10,77,18,40,210,133,161,162,112,242,122,252,260
535,12471024,28,69,34,5,43,144,155,210,166,101,231,122,252,261
536,12471026,24,9,58,76,62,203,199,207,148,109,239,120,250,261
537,12471027,20,5,51,64,32,138,140,207,211,109,239,123,253,260
538,12471030,81,15,10,17,76,165,166,172,192,105,235,121,251,260
539,12471032,39,32,11,5,28,174,177,207,161,100,230,123,253,260
540,12471033,58,15,31,21,83,186,153,208,212,111,241,120,250,260
541,12471034,78,14,31,28,77,170,213,194,162,100,230,122,252,261
542,12471036,52,63,77,10,1,155,159,130,203,103,233,122,252,261
543,12471037,74,52,36,76,23,174,194,165,141,100,230,120,250,260
544,12471038,20,18,36,78,48,153,204,151,199,109,239,122,252,260
545,12471039,31,84,43,50,32,148,168,187,140,109,239,122,252,260
546,12471040,39,20,48,63,84,136,158,187,204,104,234,121,251,260
547,12471041,27,1,39,52,63,152,137,207,201,103,233,122,252,261
548,12471043,81,19,1,74,27,189,191,165,180,103,233,122,252,260
549,12471045,52,39,80,57,50,146,201,135,161,103,233,120,250,261
550,12471046,40,78,6,8,38,169,145,213,164,112,242,120,250,260
551,12471053,36,18,39,62,34,136,158,187,182,105,235,120,250,261
552,12471054,84,3,18,15,44,208,136,178,166,105,235,121,251,261
553,12471055,73,33,60,25,50,132,161,191,147,109,239,123,253,261
554,12471056,56,34,9,78,23,162,161,211,132,103,233,120,250,260
555,12471058,65,53,50,40,18,207,179,138,144,109,239,121,251,260
556,12471061,18,42,78,83,80,207,182,201,168,112,242,122,252,260
557,12471062,32,52,5,43,31,167,186,134,148,101,231,122,252,260
558,12471063,18,8,75,77,3,140,202,155,164,104,234,121,251,261
559,12471064,25,18,52,16,23,176,207,211,214,105,235,121,251,260
560,12471065,57,69,77,73,23,200,208,172,180,109,239,122,252,261
561,12471066,32,10,11,57,79,149,135,165,146,104,234,123,253,261
562,12471067,32,21,25,10,15,157,180,207,171,100,230,122,252,261
563,12471070,11,4,32,28,16,164,133,153,213,104,234,120,250,260
564,12471071,61,40,37,25,49,140,181,158,183,107,237,121,251,260
565,12471072,17,71,69,2,53,179,213,180,203,106,236,123,253,261
566,12471074,65,49,23,72,43,138,132,148,166,111,241,121,251,261
567,12471079,36,57,49,47,60,158,150,151,214,105,235,121,251,260
568,12471080,7,33,40,6,76,149,144,166,140,100,230,121,251,261
569,12471081,43,34,82,28,63,187,140,131,211,108,238,120,250,261
570,12471083,29,46,77,23,31,187,196,162,164,109,239,121,251,260
571,12471084,67,42,79,5,40,174,181,211,155,104,234,121,251,261
572,12471085,71,27,3,80,17,162,141,213,146,105,235,123,253,261
573,12471086,32,2,31,5,67,186,171,187,182,106,236,123,253,260
574,12471087,34,6,3,31,21,140,181,180,157,107,237,121,251,260
575,12471088,4,67,31,0,44,164,169,206,167,111,241,122,252,260
576,12471089,73,17,28,57,18,133,141,201,168,109,239,123,253,260
577,12471090,4,11,39,42,47,148,130,208,157,109,239,122,252,260
578,12471091,43,40,49,5,75,155,130,140,172,107,237,121,251,260
579,12471092,51,50,63,37,21,197,208,143,152,106,236,123,253,261
580,12471093,25,76,47,75,8,214,181,154,183,104,234,121,251,261
581,12471095,40,9,8,34,43,195,207,140,191,100,230,121,251,260
582,12471096,5,64,49,82,25,187,138,206,192,105,235,121,251,261
583,12471098,37,28,81,19,5,166,164,155,140,100,230,120,250,261
584,12471101,82,5,47,2,65,181,203,155,201,100,230,121,251,260
585,12471104,62,31,43,6,36,155,177,194,162,100,230,123,253,260
586,12471107,10,50,36,26,83,149,201,205,170,109,239,121,251,260
587,12471108,10,28,6,82,83,187,177,137,156,100,230,123,253,260
588,12471109,28,29,39,1,82,211,206,181,166,111,241,121,251,260
589,12471111,57,31,82,24,37,213,140,158,172,107,237,121,251,261
590,12471112,69,15,2,42,4,139,204,149,151,100,230,123,253,260
591,12471113,24,35,5,37,15,150,200,203,168,106,236,121,251,260
592,12471115,77,31,62,10,20,163,162,210,133,104,234,123,253,261
593,12471117,81,10,26,47,29,173,206,174,195,109,239,121,251,261
594,12471118,2,51,70,26,31,138,167,183,130,106,236,121,251,261
595,12471120,80,2,21,6,69,135,162,141,137,112,242,122,252,261
596,12471121,17,77,62,52,53,179,153,135,180,104,234,121,251,260
597,12471122,35,3,20,18,52,191,194,212,141,105,235,123,253,260
598,12471123,31,18,0,46,50,133,136,170,147,109,239,121,251,261
599,12471124,19,48,78,81,70,140,157,161,131,106,236,121,251,261
600,12471125,2,32,21,34,48,140,200,213,153,106,236,121,251,260
601,12471137,53,27,67,21,39,211,159,138,204,104,234,121,251,260
602,12471142,24,11,19,39,33,176,164,197,131,109,239,122,252,260
603,12471148,69,57,33,64,23,210,208,141,159,107,237,123,253,260
604,12471151,49,60,28,5,77,162,164,166,136,106,236,121,251,261
605,12471153,36,58,31,23,57,170,149,212,167,107,237,121,251,260
606,12471156,46,70,36,25,34,163,213,169,138,109,239,121,251,261
607,12471157,80,53,28,2,21,203,182,180,195,109,239,121,251,261
608,12471160,55,71,52,78,83,138,173,166,158,111,241,121,251,261
609,12471161,78,65,21,57,77,164,173,172,193,106,236,121,251,261
610,12471163,50,64,28,53,1,155,132,152,165,106,236,121,251,261
611,12471165,10,69,0,18,40,182,151,169,172,104,234,121,251,261
612,12471166,18,42,37,40,35,149,147,158,188,109,239,120,250,260
613,12471167,53,79,69,63,46,174,164,136,208,111,241,123,253,260
614,12471169,17,78,19,40,14,153,140,213,204,104,234,122,252,260
615,12471174,5,25,31,32,37,206,140,164,190,105,235,122,252,261
616,12471175,18,67,78,60,81,151,176,153,154,109,239,123,253,260
617,12471178,78,83,4,77,69,180,183,187,155,112,242,122,252,261
618,12471180,36,24,14,3,20,170,211,209,155,109,239,121,251,261
619,12471181,18,48,40,2,53,150,209,207,208,106,236,121,251,261
620,12471183,19,17,31,65,73,165,146,162,135,105,235,122,252,260
621,12471184,78,12,52,53,71,138,155,203,159,111,241,121,251,261
622,12471185,9,10,18,36,40,188,155,207,164,111,241,122,252,261
623,12471186,4,61,53,3,50,213,208,138,169,107,237,121,251,260
624,12471187,82,28,15,19,64,169,141,155,180,105,235,123,253,261
625,12471188,80,43,0,83,50,166,195,208,148,105,235,121,251,260
626,12471189,33,17,78,5,77,164,143,137,152,104,234,121,251,260
627,12471190,16,44,84,49,63,196,154,140,207,107,237,121,251,260
628,12471191,3,47,60,31,40,131,169,151,159,111,241,121,251,261
629,12471192,74,81,67,27,38,194,189,187,136,110,240,122,252,260
630,12471193,77,52,73,27,76,192,140,186,153,109,239,123,253,261
631,12471194,39,28,36,25,84,146,212,156,159,109,239,121,251,261
632,12471196,80,76,77,5,64,151,140,149,164,105,235,123,253,261
633,12471197,25,50,57,14,52,172,214,161,156,100,230,121,251,260
634,12471198,33,36,40,3,84,199,155,151,208,100,230,121,251,260
635,12471199,20,83,66,50,11,130,159,193,171,109,239,122,252,260
636,12471206,81,78,36,83,14,150,170,138,173,107,237,121,251,260
637,12471211,26,2,18,57,4,173,141,153,170,100,230,122,252,260
638,12471212,4,17,57,16,34,162,138,135,203,111,241,122,252,260
639,12471213,37,83,49,36,50,192,131,201,153,109,239,123,253,261
640,12471214,11,52,23,31,77,214,151,147,164,109,239,121,251,261
641,12471215,64,6,53,40,80,161,148,167,207,103,233,120,250,260
642,12471216,29,67,78,53,47,155,209,138,206,107,237,121,251,261
643,12471217,14,6,5,57,64,203,201,193,159,109,239,120,250,261
644,12471219,29,72,32,46,76,161,140,210,207,111,241,122,252,260
645,12471222,73,0,69,80,5,180,187,195,161,104,234,123,253,261
646,12471223,18,78,27,20,4,165,149,213,133,105,235,122,252,260
647,12471225,5,76,18,78,31,203,165,177,199,101,231,120,250,260
648,12471226,18,62,31,76,16,162,147,170,141,104,234,122,252,260
649,12471228,23,7,27,66,15,132,183,163,149,105,235,121,251,261
650,12471229,13,22,46,83,77,199,162,208,130,100,230,121,251,260
651,12471231,75,69,18,64,36,187,157,133,162,109,239,123,253,261
652,12471232,18,52,49,31,43,151,188,162,164,100,230,122,252,260
653,12471233,10,28,47,29,4,167,148,155,207,104,234,121,251,260
654,12471234,2,40,8,62,77,199,191,164,162,109,239,122,252,261
655,12471235,31,18,73,6,57,208,158,134,182,106,236,121,251,261
656,12471236,64,25,49,29,50,203,207,142,161,109,239,123,253,260
657,12471237,5,23,31,74,76,207,131,148,169,105,235,123,253,260
658,12471238,2,31,25,8,36,151,146,131,214,109,239,121,251,260
659,12471239,15,78,49,52,20,158,207,146,168,107,237,123,253,261
660,12471240,18,43,61,44,52,161,138,207,183,109,239,121,251,261
661,12471241,36,3,70,61,25,159,213,140,206,107,237,121,251,260
662,12471243,50,1,0,60,10,133,174,195,147,106,236,121,251,261
663,12471244,74,1,20,82,76,208,141,191,138,100,230,122,252,261
664,12471245,27,5,50,8,10,209,193,170,212,111,241,123,253,261
665,12471246,77,39,19,14,36,161,131,188,192,107,237,123,253,260
666,12471248,10,84,36,23,76,182,143,138,152,111,241,121,251,260
667,12471249,19,5,46,49,26,153,133,187,161,100,230,123,253,260
668,12471250,69,81,77,40,73,183,148,144,166,105,235,121,251,260
669,12471252,31,8,78,36,77,194,210,212,205,107,237,121,251,260
670,12471253,40,63,52,5,7,213,140,158,180,106,236,121,251,261
671,12471255,8,32,29,73,31,177,132,173,207,106,236,121,251,260
672,12471256,8,50,57,19,3,207,170,213,193,107,237,123,253,260
673,12471259,53,73,29,36,52,138,140,177,200,105,235,121,251,261
674,12471261,27,5,38,7,32,133,151,148,202,106,236,123,253,260
675,12471268,84,27,82,5,41,182,147,209,137,111,241,121,251,260
676,12471272,19,25,31,73,5,213,151,140,180,110,240,122,252,260
677,12471273,42,39,17,50,31,197,140,145,135,105,235,120,250,260
678,12471275,75,40,27,0,73,166,208,212,179,107,237,121,251,260
679,12471279,6,64,36,80,84,169,181,174,161,107,237,123,253,260
680,12471281,21,1,42,69,5,164,179,168,214,106,236,121,251,260
681,12471282,31,8,18,49,58,195,207,158,192,109,239,122,252,261
682,12471283,23,20,41,0,5,141,210,131,147,111,241,121,251,261
683,12471288,77,71,67,25,38,211,170,200,135,107,237,121,251,260
684,12471290,61,76,22,5,13,141,183,197,150,107,237,121,251,260
685,12471297,84,59,37,51,25,147,179,130,182,100,230,121,251,260
686,12471298,78,11,77,81,20,173,159,182,164,105,235,121,251,260
687,12471299,69,84,39,23,35,173,206,161,149,109,239,121,251,261
688,12471303,31,9,77,49,24,214,170,180,182,105,235,121,251,260
689,12471304,66,34,36,56,78,159,197,191,161,111,241,121,251,261
690,12471305,78,26,35,18,80,153,146,178,193,104,234,122,252,261
691,12471308,43,34,44,4,35,183,206,137,148,112,242,120,250,260
692,12471309,36,77,41,50,11,163,169,136,212,104,234,123,253,261
693,12471311,23,8,37,0,28,170,181,208,180,109,239,121,251,261
694,12471314,36,77,25,73,47,208,206,153,158,111,241,121,251,260
695,12471316,1,78,47,13,22,166,193,164,171,105,235,121,251,260
696,12471318,74,57,8,0,76,183,194,166,195,104,234,121,251,261
697,12471319,33,28,25,44,10,166,179,170,214,107,237,121,251,261
698,12471321,34,59,37,47,8,187,159,195,145,104,234,121,251,261
699,12471328,34,80,32,78,57,161,188,138,193,110,240,122,252,260
700,12471339,77,83,36,3,34,206,194,177,183,109,239,121,251,260
701,12471340,31,3,5,44,57,206,164,179,168,107,237,121,251,261
702,12471348,9,7,15,81,76,169,182,149,213,107,237,123,253,261
703,12471355,12,81,34,10,5,155,138,148,139,106,236,121,251,260
704,12471360,52,50,5,10,36,155,169,149,153,105,235,123,253,260
705,12471362,21,18,5,74,49,210,180,131,140,111,241,121,251,261
706,12471366,84,34,76,39,50,207,187,195,211,109,239,121,251,260
707,12471372,77,5,46,25,52,178,141,180,157,103,233,122,252,261
708,12471377,57,20,5,80,69,192,170,155,200,104,234,121,251,260
709,12471379,65,70,83,78,23,173,182,192,180,110,240,122,252,261
710,12471391,69,58,28,53,17,179,135,140,130,107,237,121,251,260
711,12471394,33,5,29,58,62,169,139,141,153,104,234,123,253,261
712,12471397,61,18,39,5,40,180,151,140,161,109,239,122,252,261
713,12471402,77,57,18,39,34,214,167,162,195,105,235,122,252,260
714,12471409,16,31,17,57,23,156,170,140,207,100,230,122,252,261
715,12471417,14,40,18,61,37,206,207,138,140,109,239,121,251,260
716,12471418,8,39,14,47,35,133,197,158,179,105,235,121,251,261
717,12471420,5,73,52,9,35,162,206,140,155,109,239,123,253,261
718,12471430,59,39,32,70,42,193,187,171,138,100,230,123,253,261
719,12471433,41,20,57,0,80,213,208,207,163,106,236,121,251,260
720,12471438,73,47,5,18,8,202,163,133,139,100,230,121,251,261
721,12471445,17,4,11,16,28,214,208,154,136,104,234,122,252,260
722,12471447,71,58,69,0,52,180,138,163,148,107,237,123,253,260
723,12471456,6,32,2,70,34,149,151,195,135,111,241,123,253,261
724,12471459,32,31,77,7,76,135,180,157,140,112,242,122,252,260
725,12471463,78,31,57,62,79,135,146,140,157,105,235,121,251,261
726,12471467,18,36,10,4,65,147,204,141,164,108,238,122,252,260
727,12471474,40,8,83,37,17,180,155,131,214,111,241,120,250,261
728,12471475,48,39,61,50,40,213,187,150,193,111,241,122,252,260
729,12471479,7,27,18,8,70,202,172,164,201,107,237,121,251,260
730,12471483,25,24,74,33,28,132,170,190,138,104,234,121,251,261
731,12471492,43,9,31,49,53,169,170,193,187,104,234,121,251,261
732,12471522,58,52,47,59,61,166,135,133,141,104,234,121,251,261
733,12471530,13,10,50,22,40,133,161,155,162,103,233,122,252,261
734,12471538,63,36,53,41,5,189,195,153,194,105,235,121,251,260
735,12471540,52,23,5,31,43,157,148,187,176,111,241,122,252,260
736,12471546,70,23,49,65,39,207,213,173,212,105,235,121,251,261
737,12471547,36,49,47,48,73,174,208,186,130,104,234,121,251,260
738,12471557,7,49,57,36,28,170,213,140,201,100,230,121,251,260
739,12471559,74,25,32,40,0,169,159,134,193,111,241,122,252,261
740,12471560,29,37,77,84,14,131,206,171,180,109,239,121,251,260
741,12471563,44,20,23,28,78,213,148,169,141,106,236,123,253,261
742,12471566,17,78,36,82,34,192,214,134,140,111,241,123,253,260
743,12471568,3,21,71,77,23,139,140,161,193,106,236,123,253,260
744,12471569,18,49,10,57,77,180,192,164,208,107,237,123,253,261
745,12471570,1,77,31,43,23,151,195,162,147,109,239,123,253,260
746,12471583,8,84,46,52,50,209,193,169,187,111,241,120,250,261
747,12471585,21,31,32,10,47,141,166,148,204,109,239,122,252,261
748,12471586,57,69,73,38,77,143,132,170,210,100,230,123,253,261
749,12471592,77,44,62,25,49,191,211,153,177,109,239,121,251,261
750,12471594,10,35,5,65,76,182,173,205,170,106,236,121,251,260
751,12471595,21,32,73,50,0,179,182,140,207,109,239,123,253,261
752,12471596,2,11,40,80,17,188,136,161,134,107,237,121,251,261
753,12471603,52,5,58,6,35,207,154,208,201,111,241,121,251,261
754,12471610,37,40,6,63,8,164,161,178,153,100,230,121,251,260
755,12471611,4,36,16,50,31,194,150,136,131,105,235,122,252,261
756,12471613,62,43,20,23,11,161,199,140,180,111,241,123,253,260
757,12471618,72,11,39,28,36,161,135,162,151,111,241,122,252,260
758,12471625,82,17,16,35,36,158,148,136,141,104,234,123,253,261
759,12471628,39,40,84,23,69,164,133,187,174,107,237,123,253,260
760,12471630,83,63,37,40,62,157,214,159,207,109,239,123,253,261
761,12471633,21,4,31,38,73,141,208,135,182,104,234,122,252,260
762,12471637,17,44,77,42,73,199,170,134,155,105,235,122,252,260
763,12471640,32,71,21,4,73,138,179,192,166,109,239,122,252,260
764,12471643,21,49,73,62,6,187,169,180,199,110,240,122,252,260
765,12471648,39,47,65,23,36,203,147,164,162,105,235,122,252,261
766,12471650,84,3,25,47,14,151,213,166,137,111,241,121,251,261
767,12471653,62,33,7,56,8,144,145,174,133,105,235,121,251,260
768,12471655,2,67,53,72,21,172,203,142,155,111,241,121,251,261
769,12471660,21,44,40,18,39,156,163,153,162,112,242,120,250,261
770,12471662,0,82,32,36,10,207,141,182,173,112,242,122,252,261
771,12471664,5,18,25,26,46,165,162,140,157,101,231,122,252,261
772,12471666,0,32,49,43,11,187,208,180,161,111,241,122,252,261
773,12471668,23,1,8,39,63,172,158,162,212,104,234,122,252,260
774,12471669,10,19,31,47,77,169,130,162,189,109,239,122,252,261
775,12471671,11,23,52,80,39,156,161,148,188,100,230,122,252,261
776,12471672,52,39,69,23,82,132,142,138,166,106,236,121,251,261
777,12471706,33,63,39,69,35,195,180,140,214,107,237,121,251,261
778,12471708,9,65,10,1,82,154,193,158,201,111,241,121,251,260
779,12471710,8,61,80,33,83,153,157,174,207,104,234,121,251,260
780,12471711,32,28,55,29,37,169,183,170,149,104,234,123,253,261
781,12471713,33,75,8,0,3,164,174,208,158,100,230,121,251,260
782,12471714,47,50,34,28,73,149,178,140,206,104,234,123,253,260
783,12471715,28,34,46,77,23,174,203,138,144,103,233,122,252,261
784,12471717,61,74,5,84,33,168,169,144,206,100,230,121,251,261
785,12471718,79,34,74,57,9,202,157,132,214,104,234,120,250,260
786,12471719,25,34,65,39,69,166,208,197,130,111,241,121,251,260
787,12471720,26,42,78,18,56,180,168,195,151,103,233,120,250,260
788,12471721,43,36,50,57,77,133,134,138,183,111,241,121,251,261
789,12471722,1,18,73,34,71,137,178,162,214,108,238,120,250,260
790,12471724,77,1,43,40,50,163,140,134,192,111,241,123,253,261
791,12471729,62,63,46,21,37,149,139,155,161,104,234,122,252,260
792,12471737,31,22,13,24,64,159,140,207,130,104,234,121,251,261
793,12471739,51,35,14,47,3,206,205,182,208,105,235,121,251,261
794,12471741,5,39,29,59,84,140,158,134,212,109,239,123,253,260
795,12471744,36,33,4,14,73,193,171,159,164,106,236,123,253,260
796,12471746,7,76,5,63,21,132,162,207,157,103,233,122,252,260
797,12471747,29,69,14,10,50,132,166,149,155,105,235,121,251,261
798,12471751,57,26,73,50,77,148,146,191,131,112,242,120,250,261
799,12471752,25,16,32,6,20,140,148,164,149,104,234,122,252,260
800,12471756,1,31,18,43,5,177,153,132,206,101,231,122,252,260
801,12471757,69,8,78,18,57,182,193,141,140,109,239,122,252,261
802,12471758,40,36,82,64,18,210,136,130,132,112,242,122,252,261
803,12471760,36,16,40,50,77,141,140,168,148,111,241,122,252,261
804,12471764,17,9,1,76,39,204,136,164,150,104,234,122,252,260
805,12471768,32,47,2,69,14,141,203,168,170,111,241,122,252,260
806,12471774,65,49,78,63,19,174,136,203,180,100,230,123,253,260
807,12471777,62,82,68,84,52,187,135,144,196,106,236,121,251,260
808,12471786,29,5,63,73,25,130,162,179,169,111,241,121,251,261
809,12471787,2,84,38,80,28,207,200,130,167,105,235,121,251,260
810,12471788,44,16,19,49,84,165,180,140,206,107,237,123,253,260
811,12471790,63,10,5,34,35,151,169,182,202,104,234,121,251,260
812,12471793,25,32,9,31,58,203,135,148,205,104,234,120,250,261
813,12471797,25,0,78,21,23,133,197,192,143,104,234,121,251,260
814,12471816,57,28,6,24,10,207,137,206,192,109,239,121,251,261
815,12471826,76,18,73,44,36,213,173,172,207,104,234,121,251,261
816,12471828,5,25,37,34,81,172,132,191,130,111,241,121,251,261
817,12471835,52,74,34,82,80,162,155,169,134,111,241,121,251,261
818,12471838,47,78,83,32,5,207,171,164,152,109,239,122,252,261
819,12471842,21,14,19,3,27,148,153,132,164,111,241,122,252,260
820,12471845,78,57,40,72,59,169,174,163,182,105,235,121,251,260
821,12471846,37,53,6,28,18,159,169,139,163,110,240,122,252,260
822,12471847,50,73,27,5,8,167,207,179,193,109,239,123,253,260
823,12471853,39,77,76,40,18,133,147,157,193,106,236,121,251,261
824,12471855,36,34,3,32,77,209,206,205,208,100,230,121,251,261
825,12471859,41,18,40,50,75,140,181,138,201,111,241,121,251,260
826,12471864,2,37,25,77,21,161,166,173,193,100,230,121,251,261
827,12471866,0,41,52,82,11,159,131,151,148,100,230,122,252,260
828,12471867,33,36,18,61,74,153,151,208,157,111,241,122,252,260
829,12471868,69,41,63,31,18,149,156,141,176,101,231,122,252,260
830,12471869,35,34,1,76,60,177,138,209,187,109,239,121,251,261
831,12471870,18,16,76,31,23,168,151,207,170,105,235,122,252,261
832,12471871,8,36,18,25,39,140,195,131,179,109,239,121,251,260
833,12471872,8,1,11,7,18,136,197,151,181,109,239,123,253,260
834,12471873,57,36,41,82,28,192,169,138,206,110,240,122,252,261
835,12471876,78,40,81,39,4,205,145,147,187,105,235,123,253,261
836,12471884,10,34,26,76,29,138,208,161,209,104,234,121,251,260
837,12471888,40,32,50,52,43,135,210,140,155,108,238,122,252,261
838,12471889,0,78,67,36,53,209,133,181,159,111,241,121,251,260
839,12471891,32,70,56,3,57,151,180,199,140,111,241,123,253,260
840,12471898,84,1,78,80,48,148,169,212,150,106,236,121,251,260
841,12471900,13,49,73,22,68,153,140,145,141,109,239,121,251,260
842,12471901,39,57,50,35,82,139,172,133,170,104,234,120,250,260
843,12471907,73,20,42,59,5,144,213,192,138,100,230,121,251,261
844,12471909,68,40,50,10,47,132,187,148,207,100,230,120,250,261
845,12471912,37,69,44,8,21,166,170,137,214,104,234,121,251,261
846,12471914,53,38,16,77,34,131,158,203,193,100,230,121,251,260
847,12471917,44,78,20,23,57,162,166,138,192,109,239,122,252,261
848,12471918,53,35,29,65,20,179,199,181,187,104,234,121,251,260
849,12471920,64,77,51,81,11,157,166,208,165,109,239,121,251,261
850,12471921,60,23,6,2,11,191,133,182,164,106,236,123,253,261
851,12471925,4,3,76,0,17,171,143,165,145,105,235,121,251,260
852,12471927,56,57,10,18,34,212,151,199,203,103,233,122,252,261
853,12471929,81,33,0,25,37,176,154,206,183,111,241,121,251,260
854,12471930,11,44,25,10,52,187,188,212,177,106,236,121,251,261
855,12471933,21,34,46,63,33,148,140,210,187,105,235,122,252,261
856,12471936,41,61,19,57,62,158,186,146,162,103,233,122,252,260
857,12471937,37,33,83,18,69,156,161,188,149,103,233,120,250,261
858,12471940,82,27,57,73,6,204,151,174,161,111,241,123,253,261
859,12471942,40,17,64,18,21,201,168,138,180,104,234,122,252,260
860,12471948,11,50,10,17,35,187,170,208,207,109,239,122,252,260
861,12471949,69,57,71,64,28,151,169,182,197,105,235,121,251,260
862,12471950,8,67,7,18,25,187,203,170,136,105,235,121,251,261
863,12471954,52,15,3,44,82,181,189,137,164,111,241,121,251,261
864,12471965,32,36,73,8,80,211,180,132,134,105,235,122,252,260
865,12471966,28,40,39,18,9,187,159,189,146,105,235,122,252,261
866,12471968,20,77,83,73,8,169,144,163,180,112,242,122,252,260
867,12471973,84,49,77,53,39,153,180,208,181,104,234,121,251,261
868,12471978,25,65,72,46,83,207,208,170,212,106,236,123,253,260
869,12471982,18,15,52,43,11,140,162,151,179,109,239,122,252,261
870,12471983,3,35,83,52,17,145,150,155,135,105,235,121,251,260
871,12471984,8,1,21,82,41,187,213,161,196,109,239,121,251,261
872,12471985,40,63,43,28,19,167,207,179,157,105,235,123,253,261
873,12471987,43,62,23,21,31,180,207,203,172,105,235,122,252,260
874,12471989,14,73,60,67,31,164,159,187,206,105,235,121,251,261
875,12471990,57,69,52,78,8,144,185,204,150,109,239,121,251,260
876,12471991,28,26,52,4,3,207,138,208,206,109,239,121,251,261
877,12471992,41,65,59,53,5,211,145,192,144,106,236,121,251,260
878,12471993,74,14,20,61,18,169,164,145,180,100,230,121,251,261
879,12471994,69,21,62,3,14,158,208,138,135,104,234,121,251,261
880,12471995,37,14,13,69,22,162,155,169,148,106,236,121,251,260
881,12471996,34,19,40,47,78,179,136,146,157,107,237,121,251,260
882,12471998,69,19,61,23,8,209,144,164,207,111,241,121,251,261
883,12472007,21,62,57,2,50,135,144,134,176,107,237,123,253,260
884,12472008,84,38,82,34,58,190,140,135,206,100,230,120,250,260
885,12472009,8,51,10,21,76,209,164,130,176,106,236,121,251,260
886,12472012,63,31,39,13,22,157,177,208,179,105,235,121,251,260
887,12472013,5,78,20,66,9,131,167,148,170,104,234,121,251,261
888,12472014,2,31,26,32,1,169,207,187,199,106,236,123,253,260
889,12472015,46,18,25,5,36,214,192,183,207,105,235,121,251,260
890,12472016,71,43,0,50,57,167,149,181,155,107,237,121,251,260
891,12472017,57,23,44,14,78,155,207,140,212,111,241,121,251,260
892,12472018,8,70,73,47,84,155,195,208,159,106,236,121,251,260
893,12472020,40,51,65,10,81,201,200,155,177,111,241,121,251,261
894,12472026,37,21,48,77,79,213,146,145,153,100,230,122,252,261
895,12472029,8,77,62,19,39,214,137,177,195,108,238,120,250,261
896,12472030,80,23,49,78,36,162,130,155,140,104,234,122,252,261
897,12472031,84,39,36,17,31,151,209,167,168,100,230,121,251,260
898,12472032,77,43,83,51,11,162,205,136,212,111,241,121,251,260
899,12472033,63,20,61,8,10,157,166,171,139,109,239,121,251,260
900,12472035,37,32,29,61,20,153,197,130,169,111,241,121,251,260
901,12472036,49,43,8,27,67,159,130,183,195,106,236,121,251,260
902,12472037,32,51,8,33,83,177,164,210,214,107,237,121,251,260
903,12472038,19,27,7,80,21,178,213,190,180,109,239,122,252,260
904,12472039,76,75,56,68,18,166,182,149,165,105,235,121,251,260
905,12472040,47,25,65,0,73,179,205,133,212,109,239,121,251,261
906,12472041,37,8,28,63,36,147,157,146,207,107,237,121,251,260
907,12472042,81,36,60,78,12,159,214,180,146,106,236,121,251,260
908,12472043,78,18,12,83,14,170,133,207,189,104,234,121,251,261
909,12472045,7,33,29,23,76,155,203,148,135,103,233,122,252,260
910,12472046,37,6,82,8,33,194,170,214,177,112,242,122,252,261
911,12472047,9,38,41,76,26,180,165,207,176,101,231,120,250,260
912,12472048,50,28,29,39,0,203,207,209,195,109,239,121,251,260
913,12472049,77,21,52,26,78,166,214,180,169,100,230,121,251,260
914,12472050,53,44,28,66,73,179,188,163,177,111,241,121,251,261
915,12472053,66,22,3,36,13,165,139,150,140,100,230,121,251,261
916,12472055,84,5,20,7,79,195,205,130,192,104,234,121,251,260
917,12472058,29,10,75,66,23,136,151,135,180,109,239,121,251,260
918,12472065,58,18,25,49,36,156,157,202,204,101,231,122,252,260
919,12472070,66,36,52,77,37,211,214,194,195,111,241,121,251,261
920,12472071,25,37,32,0,79,183,195,207,146,104,234,121,251,261
921,12472075,28,27,39,69,18,203,212,136,172,103,233,120,250,261
922,12472076,17,37,26,49,63,165,136,214,187,100,230,120,250,261
923,12472077,28,77,10,80,83,162,164,167,177,112,242,120,250,261
924,12472079,50,52,39,67,21,179,141,140,162,105,235,122,252,260
925,12472080,75,73,48,69,63,135,172,149,161,104,234,120,250,261
926,12472083,5,78,32,42,57,179,136,199,206,101,231,120,250,260
927,12472084,8,79,3,31,52,206,159,166,183,100,230,121,251,261
928,12472092,26,10,57,84,17,211,158,174,155,109,239,123,253,260
929,12472093,81,78,63,34,31,171,153,147,151,106,236,123,253,260
930,12472098,62,66,34,32,2,176,207,213,158,105,235,121,251,261
931,12472101,17,21,18,40,64,203,161,150,134,109,239,122,252,260
932,12472102,40,78,34,77,36,153,204,150,180,109,239,122,252,261
933,12472103,5,40,35,84,65,172,197,174,155,111,241,121,251,261
934,12472104,77,40,10,82,34,155,159,208,179,111,241,121,251,260
935,12472105,10,38,76,34,62,148,156,169,138,101,231,120,250,261
936,12472109,46,70,35,71,36,182,209,170,164,111,241,121,251,260
937,12472112,69,32,71,31,78,164,166,173,148,100,230,122,252,261
938,12472113,53,17,9,82,10,179,132,136,153,111,241,122,252,261
939,12472115,36,16,83,27,34,156,155,195,194,100,230,121,251,260
940,12472118,18,39,0,57,1,179,155,140,162,109,239,123,253,260
941,12472127,23,8,37,63,24,183,201,170,180,100,230,123,253,260
942,12472131,5,33,29,69,57,209,138,156,161,111,241,121,251,261
943,12472147,57,84,29,65,78,151,179,150,206,104,234,121,251,260
944,12472157,57,53,7,17,63,182,178,207,167,111,241,121,251,260
945,12472158,28,46,23,69,40,169,148,197,195,111,241,120,250,261
946,12472160,53,37,62,52,66,164,208,174,135,100,230,121,251,261
947,12472161,76,8,23,17,73,182,164,132,149,100,230,122,252,260
948,12472162,77,40,10,61,1,138,182,167,210,100,230,121,251,260
949,12472164,56,53,76,74,0,166,208,196,187,107,237,121,251,261
950,12472165,41,5,15,35,76,214,140,157,149,109,239,122,252,261
951,12472166,44,69,18,11,41,159,161,146,189,109,239,122,252,261
952,12472167,3,19,81,40,36,162,187,207,181,105,235,121,251,260
953,12472168,83,3,4,56,21,147,138,162,203,110,240,122,252,261
954,12472169,26,29,21,17,78,195,137,162,179,109,239,123,253,261
955,12472170,36,16,84,63,59,204,181,162,157,109,239,123,253,260
956,12472171,51,14,73,5,21,179,133,214,189,107,237,121,251,261
957,12472172,2,71,57,77,51,206,144,197,193,109,239,121,251,261
958,12472173,84,31,24,37,53,169,212,195,196,100,230,121,251,261
959,12472174,43,8,11,36,23,202,179,131,187,100,230,120,250,261
960,12472175,34,28,7,63,77,147,169,148,159,111,241,121,251,261
961,12472176,50,82,39,28,56,187,153,151,207,103,233,120,250,260
962,12472177,17,58,18,21,61,130,146,180,156,109,239,122,252,261
963,12472178,18,29,28,49,78,147,176,187,164,100,230,120,250,260
964,12472179,63,31,41,8,59,158,157,172,130,103,233,122,252,260
965,12472180,1,80,33,50,39,178,161,176,192,110,240,120,250,260
966,12472181,76,33,50,78,5,170,169,136,156,101,231,120,250,260
967,12472182,23,65,17,2,76,161,213,135,194,105,235,120,250,260
968,12472183,1,2,76,53,19,156,199,208,161,109,239,120,250,260
969,12472185,69,4,28,10,35,204,161,178,139,111,241,120,250,260
970,12472221,71,3,49,32,34,144,137,193,180,105,235,121,251,260
971,12472236,81,50,44,16,21,161,154,207,171,108,238,122,252,261
972,12472244,8,77,78,36,53,173,214,149,130,104,234,121,251,260
973,12472245,76,53,32,43,27,182,214,180,197,106,236,123,253,261
974,12472246,37,28,84,8,50,201,203,135,197,107,237,123,253,260
975,12472247,58,50,77,21,20,212,172,173,136,111,241,123,253,261
976,12472248,81,41,20,29,40,206,178,166,132,109,239,121,251,261
977,12472249,50,17,14,3,21,187,149,135,203,107,237,121,251,260
978,12472251,78,36,49,37,34,195,170,159,150,105,235,121,251,260
979,12472252,16,25,8,27,67,130,144,213,208,111,241,121,251,260
980,12472253,28,29,53,41,40,208,187,161,197,111,241,121,251,260
981,12472254,3,36,50,0,5,171,170,207,159,106,236,121,251,260
982,12472256,77,33,49,1,21,150,187,195,138,111,241,121,251,261
983,12472258,73,34,18,63,77,199,136,158,169,104,234,123,253,261
984,12472260,63,0,46,15,34,187,132,144,172,107,237,121,251,260
985,12472262,29,40,0,83,16,166,206,200,173,111,241,121,251,261
986,12472264,32,40,5,58,28,141,153,130,147,101,231,122,252,260
987,12472266,70,20,67,63,40,180,164,202,187,104,234,121,251,260
988,12472267,65,18,8,3,69,181,182,207,171,107,237,121,251,260
989,12472269,79,31,5,78,28,131,138,204,145,106,236,121,251,260
990,12472270,26,35,58,20,36,159,138,164,194,100,230,121,251,261
991,12472271,36,78,25,40,77,141,180,148,140,111,241,122,252,260
992,12472272,57,32,39,34,62,206,135,196,180,101,231,122,252,261
993,12472273,0,1,51,23,46,202,182,164,173,109,239,121,251,260
994,12472274,62,3,33,31,4,148,135,157,151,110,240,122,252,261
995,12472275,57,52,41,36,82,197,214,172,130,104,234,121,251,260
996,12472276,52,7,76,4,5,140,162,161,136,109,239,122,252,261
997,12472277,67,70,44,37,27,183,194,214,163,109,239,121,251,260
998,12472278,39,65,8,57,29,182,166,155,140,104,234,121,251,261
999,12472279,43,83,40,76,84,167,187,163,179,111,241,121,251,260
